"Timestamp","What is your age?","What is your gender?","What industry are you working in / your current study majors? e.g.(software engineering, finance, economics etc)","How would you rate your cybersecurity awareness? (how familiar are you with problems in cybersecurity and techniques used by hackers)","Do you think that cybersecurity awareness campaign and training in general are effective at increasing cyber safety? And why do you give that response","Have you ever taken cybersecurity awareness courses or training induction? Please briefly outline the training.","Have you ever encountered and/or be a victim of an online email or web scam before? Please explain the nature of the scam","What strategies do you normally employ to protect yourself from scammers when browsing the internet and receiving emails? (bullet points is fine)","Lastly, what do you think would be a good strategy to promote cybersecurity awareness among the general population? (e.g. mandatory training, using simulation etc..)"
"2020/09/24 2:43:51 pm GMT+10","27","Female ","Education and tourism ","4","Yes they are. ","I never take course like this but is will be interesting for me. ","Yes, I was a victim of email. I got a fake email from PayPal to rewrite me credit card data, and later they stole my money. Thiefs was bought some stuff from online stores. ","After that very carefully. ","Maybe using some apps like Udemy and Teachable it will be helpful to spread that course online. "
"2020/09/24 4:14:07 pm GMT+10","27","Female","Marketing","3","Yes","No","No ","I control everything. No password saved","Training"
"2020/09/24 7:37:08 pm GMT+10","38","Female","Human Resources ","2","Yes because knowing more about the risks will help you prevent them","No ","No only received quite a few dodgy fishing emails ","Don’t often visit unknown websites 
Set most marketing Unknown’s email start to junk 
Alway double click on sent from email to reveal real email ","Training
Visualising risks more "
"2020/09/24 7:44:37 pm GMT+10","23","Male","Forensic psychology ","2","Yes because I hardly hear about it ","No never!","I’ve encountered them but never been a victim of one ","Secure passwords 
Don’t use dodgy sites 
Don’t reply to dodgy emails ","Mandatory e learning perhaps "
"2020/09/24 9:06:35 pm GMT+10","23","Male","3D Animation","3","","No","Only saw it. Free trials that required credit card detais","-Ignore
-AD Block","Awareness campaign at large malls"
"2020/09/24 10:41:45 pm GMT+10","26","Female","Strategic advertising & marketing communications","3","Yes, because many people doesn't even know how serious is this issue so it's good to make them aware of it.","No","Yes, I got email where they told me that I won huge amount of money and they asked for my bank details so they can transfer it.","- trying to not give my details on the websites which doesn't look trustworthy","free training across schools, companies or social media campaign with simulation"
"2020/09/24 11:13:15 pm GMT+10","31","Female","Psychology","3","Yes. However, I think it should be simplified as not everybody is aware of technical terms.","No","Yes. I receieved a scam email form university that was attacked couple of months ago, asking bank details. But, I did not open the email as I suspected that was scam","For the emails, I pay attention the email address the language used in the email. For web browsing, I prefer not giving my personal details to untrustworthy sources","Simulation would be useful. I think adverts that can get people attention could work. For example, famous people would take a role in adverts to promote cybersecurity awareness."
"2020/09/25 12:14:27 am GMT+10","23","Female","Nutrition","2","Yes.","No.","Yes","Change password.","Mandatory training. "
"2020/09/25 7:33:00 am GMT+10","22","Female","MBA in Fashion Business (Bachelors in Computer Science)","5","Yes it is really important. The more there is awareness and training about cyber security the more people will know its importance and how to deal with it. ","Yes it was a part of my curriculum in Bachelors","No","Not clicking on links in emails I find fishy, while browsing I use duckduckgo that don't save cookies and using anti virus.","Mandatory training- starting from the basics explaining what exactly cyber security means"
"2020/09/25 7:35:46 am GMT+10","22","Female ","Fashion","2","Yes but they are not enough ","No ","No ","- checking the accuracy of the emails, don’t reply to people I don’t know 
- delete my history often and accept as low as I can cookies ","Maybe not classes because people would be lazy but show them on social media or tv maybe yeah to target better young people "
"2020/09/25 1:27:51 pm GMT+10","30","Female","Education","3","Yes, because today things are digitalised and there is a rise in cyber crimes.","No. ","Yes similar once I ordered a dress online and later on found the site was a fraud website my money for wasted....leading to lot of grief.","I just reachout those sites which are authenticate...will check the reviews and then goto the site","Simulation would be good as it will give a real idea to the people about cyber crime and out of their own interest will go for mandatory training course"
"2020/09/25 11:44:28 pm GMT+10","23","Femail","Software Engineer","5","Yes. People pay too less attention on cyber safety which is why deliberately training is important","No. I just graduated.","Yes. It was catfishing website of online shops","Block any supspicious mails","Training within communities is important"